	Citrobacter_braakii_strain_FDAARGOS_290chromosome	Citrobacter_freundii_strain_B38_chromosome	Citrobacter_amalonaticus_strain_FDAARGOS_165_chromosome	Citrobacter_farmeri_strain_AUSMDU00008141_chromosome	Citrobacter_werkmanii_strain_FDAARGOS_364_chromosome	Citrobacter_rodentium_ICC168	Citrobacter_koseri_strain_AR_0025_chromosome
Citrobacter_braakii_strain_FDAARGOS_290chromosome	1.0	0.154024	0.034506	0.029812	0.064821	0.025738	0.036676
Citrobacter_freundii_strain_B38_chromosome	0.154024	1.0	0.031004	0.029143	0.062053	0.025167	0.035775
Citrobacter_amalonaticus_strain_FDAARGOS_165_chromosome	0.034506	0.031004	1.0	0.129129	0.032372	0.038760	0.037159
Citrobacter_farmeri_strain_AUSMDU00008141_chromosome	0.029812	0.029143	0.129129	1.0	0.029584	0.037842	0.036290
Citrobacter_werkmanii_strain_FDAARGOS_364_chromosome	0.064821	0.062053	0.032372	0.029584	1.0	0.025564	0.035666
Citrobacter_rodentium_ICC168	0.025738	0.025167	0.038760	0.037842	0.025564	1.0	0.033580
Citrobacter_koseri_strain_AR_0025_chromosome	0.036676	0.035775	0.037159	0.036290	0.035666	0.033580	1.0
