	Salmonella_enterica_serovar_Agona_SL483_uid59431	Salmonella_enterica_arizonae_serovar_62_z4_z23__uid58191	Salmonella_enterica_serovar_Gallinarum_pullorum_RKS5078_uid87035	Salmonella_enterica_serovar_Javiana_CFSAN001992_uid190101	Salmonella_enterica_serovar_Typhimurium_UK_1_uid87049	Salmonella_enterica_serovar_Paratyphi_A_ATCC_9150_uid58201	Salmonella_enterica_serovar_Choleraesuis_SC_B67_uid58017	Salmonella_bongori_NCTC_12419_uid70155	Salmonella_enterica_serovar_Typhi_Ty2_uid57973	Salmonella_enterica_Serovar_Cubana_CFSAN002050_uid212973	Salmonella_bongori_NCTC_12419_uid70155.fa	Salmonella_enterica_serovar_Typhimurium_14028S_uid86059_NC_016855	Salmonella_enterica_serovar_Typhi_CT18_uid57793_NC_003198	Salmonella_enterica_serovar_Enteritidis_P125109_uid59247_NC_011294
Salmonella_enterica_serovar_Agona_SL483_uid59431	1.0	0.186285	0.614250	0.572656	0.613833	0.575934	0.582066	0.104386	0.549746	0.616386	0.104386	0.000023	0.548897	0.629879
Salmonella_enterica_arizonae_serovar_62_z4_z23__uid58191	0.186285	1.0	0.187771	0.191286	0.186939	0.190544	0.182230	0.089831	0.183131	0.178700	0.089831	0.000898	0.182656	0.190983
Salmonella_enterica_serovar_Gallinarum_pullorum_RKS5078_uid87035	0.614250	0.187771	1.0	0.561897	0.655019	0.583721	0.622771	0.104326	0.556895	0.565372	0.104326	0.000255	0.555735	0.910742
Salmonella_enterica_serovar_Javiana_CFSAN001992_uid190101	0.572656	0.191286	0.561897	1.0	0.564593	0.559086	0.537406	0.107594	0.537735	0.527053	0.107594	0.000086	0.536612	0.579186
Salmonella_enterica_serovar_Typhimurium_UK_1_uid87049	0.613833	0.186939	0.655019	0.564593	1.0	0.579634	0.647064	0.103264	0.560246	0.578490	0.103264	0.019214	0.559163	0.679810
Salmonella_enterica_serovar_Paratyphi_A_ATCC_9150_uid58201	0.575934	0.190544	0.583721	0.559086	0.579634	1.0	0.557683	0.104674	0.663807	0.534004	0.104674	0.000274	0.662520	0.599627
Salmonella_enterica_serovar_Choleraesuis_SC_B67_uid58017	0.582066	0.182230	0.622771	0.537406	0.647064	0.557683	1.0	0.102452	0.536462	0.560671	0.102452	0.008478	0.535669	0.640778
Salmonella_bongori_NCTC_12419_uid70155	0.104386	0.089831	0.104326	0.107594	0.103264	0.104674	0.102452	1.0	0.101905	0.099579	1.000000	0.000018	0.101733	0.106203
Salmonella_enterica_serovar_Typhi_Ty2_uid57973	0.549746	0.183131	0.556895	0.537735	0.560246	0.663807	0.536462	0.101905	1.0	0.510832	0.101905	0.000268	0.978012	0.573051
Salmonella_enterica_Serovar_Cubana_CFSAN002050_uid212973	0.616386	0.178700	0.565372	0.527053	0.578490	0.534004	0.560671	0.099579	0.510832	1.0	0.099579	0.000109	0.510024	0.584364
Salmonella_bongori_NCTC_12419_uid70155.fa	0.104386	0.089831	0.104326	0.107594	0.103264	0.104674	0.102452	1.000000	0.101905	0.099579	1.0	0.000018	0.101733	0.106203
Salmonella_enterica_serovar_Typhimurium_14028S_uid86059_NC_016855	0.000023	0.000898	0.000255	0.000086	0.019214	0.000274	0.008478	0.000018	0.000268	0.000109	0.000018	1.0	0.000268	0.000259
Salmonella_enterica_serovar_Typhi_CT18_uid57793_NC_003198	0.548897	0.182656	0.555735	0.536612	0.559163	0.662520	0.535669	0.101733	0.978012	0.510024	0.101733	0.000268	1.0	0.572153
Salmonella_enterica_serovar_Enteritidis_P125109_uid59247_NC_011294	0.629879	0.190983	0.910742	0.579186	0.679810	0.599627	0.640778	0.106203	0.573051	0.584364	0.106203	0.000259	0.572153	1.0
